Name,Time(s)
start five.jpg,2.5415992736816406
end five.jpg,5.541943073272705
start seven.jpg,8.342296361923218
end seven.jpg,11.342691659927368
